{"5IUbOUbrjmexobvEFqvlvg==":"leaf-3865014-640-640x426.jpg","3iLGYXVu0+yLDHsG+v1rjA==":"flower-3876195-1280-1280x854.jpg","9QF3YMtY3ETsm/CY37ZH/Q==":"leaf-3865014-641-640x426.jpg","gcgCC337eBaMrAnmGImYFw==":"mbr-1920x1280.jpg","Mj2ulY0qWwNQCAopEcQxGQ==":"mbr-1-1920x1280.jpg","g9dTqaCkUW1Z0QiBt+YBwA==":"mbr-1920x1286.jpg","4W26TKeDC9kIJxHwI9gdZQ==":"mbr-40x27.jpg","NQ9apWwMfM3NoecgJxAyEA==":"mbr-1-40x27.jpg","MmN68u8mQ6U8NfkUm2xTSw==":"mbr-1920x1276.jpg","06U4Yq7CdZXHjJc3Xm6sCw==":"mbr-2-1920x1280.jpg","MMgugS8x3OMxR5amBRRiVQ==":"mbr-1920x1244.jpg","SoZLR/Pa/jjOMbbf27j8dQ==":"mbr-570x380.jpg","g51HK2yTEP6HhAv2wMX/PQ==":"mbr-570x369.jpg","gtqGJ2pj5bCPHQas+qrq5g==":"mbr-3-1920x1280.jpg","22/wm+ecPNN3YJswQrHkIA==":"admin-1-122x123.png","ihlkf69UyfSmhSyJ1Jvc6w==":"jumbotron.jpg"}