{"file:///C:/Work/Sites/overlay-image":{"assets/web/assets/jquery/jquery.min.js":"V5Dq1607onOXrt+j0mO4Zw==","assets/bootstrap/css/bootstrap.min.css":"RQ/EY7ixo0nfcXBW+7PgeA==","assets/popper/popper.min.js":"NiE4ESlZe/NNSKniYj4FyQ==","assets/tether/tether.min.css":"YhVaOUjL8Xsb9LQHyQq4Tw==","assets/tether/tether.min.js":"PlC291/0Eo8keLHUT4D9+w==","assets/bootstrap/css/bootstrap-reboot.min.css":"TlWTM3JQaaM6nQ8zh2UupQ==","assets/bootstrap/js/bootstrap.min.js":"FNRJ64h2+lXh7zwsxSsMFw==","assets/bootstrap/css/bootstrap-grid.min.css":"a6LeNNuqhRu1LJbHvTM1Lg==","assets/theme/css/style.css":"fpePhcWydoGxgIgfc3KOzA==-VITbTf54ezV7Z7I/e4lZVw==","assets/touchswipe/jquery.touch-swipe.min.js":"9g/wVGnRdXmW2F9BctT/TQ==","assets/animatecss/animate.min.css":"F4tlGVjO/1VsvF81Xgi78Q==","assets/viewportchecker/jquery.viewportchecker.js":"XKham7rXcMJkbapryonozQ==","assets/dropdown/js/script.min.js":"XKwdlgq/KqgA8/xiKfaAVw==","assets/dropdown/css/style.css":"s+S8lVC62P0BWFtgHpaNFA==","assets/smoothscroll/smooth-scroll.js":"KWAEIcStVIbTDi5Ah2psSQ==","assets/web/assets/mobirise-icons/mobirise-icons.eot":"d1DWj4ts/6jfjnda7g4Q2A==","assets/web/assets/mobirise-icons/mobirise-icons.woff":"rcbBnBdGlGMmyU5U/bmzjg==","assets/web/assets/mobirise-icons/mobirise-icons.ttf":"sxxNoGToYfNN/LuoyTYkfg==","assets/web/assets/mobirise-icons/mobirise-icons.css":"RVE1Au0iQ4C1HCKJDC+/mQ==","assets/web/assets/mobirise-icons/mobirise-icons.svg":"Yp5pSlGdnLgPdQLUa/Yv3w==","assets/images/hashes.json":"VFH+pRwamPY+12urYPjAdw==","assets/images/admin-1-122x123.png":"22/wm+ecPNN3YJswQrHkIA==","assets/images/mbr-3-1920x1280.jpg":"gtqGJ2pj5bCPHQas+qrq5g==","assets/images/mbr-570x369.jpg":"g51HK2yTEP6HhAv2wMX/PQ==","assets/soundcloud-plugin/style.css":"wLHkKf+/d2qrUw3ao5npxQ=="}}